araba1.jpg,araba
araba2.jpg,araba
araba3.jpg,araba
araba4.jpg,araba
araba5.jpg,araba
araba6.jpg,araba
araba7.jpg,araba
araba8.jpg,araba
araba9.jpg,araba
araba10.jpg,araba
araba11.jpg,araba
araba12.jpg,araba
araba13.jpg,araba
araba14.jpg,araba
araba15.jpg,araba
bardak1.jpg,bardak
bardak2.jpg,bardak
bardak3.jpg,bardak
bardak4.jpg,bardak
bardak5.jpg,bardak
bardak6.jpg,bardak
bardak7.jpg,bardak
bardak8.jpg,bardak
bardak9.jpg,bardak
bardak10.jpg,bardak
bardak11.jpg,bardak
bardak12.jpg,bardak
bardak13.jpg,bardak
bardak14.jpg,bardak
bardak15.jpg,bardak