karo-1.png,karo
karo-2.png,karo
karo-3.png,karo
karo-4.png,karo
karo-5.png,karo
karo-6.png,karo
karo-7.png,karo
karo-8.png,karo
karo-9.png,karo
karo-10.png,karo
karo-11.png,karo
karo-12.png,karo
karo-13.png,karo
kupa-1.png,kupa
kupa-2.png,kupa
kupa-3.png,kupa
kupa-4.png,kupa
kupa-5.png,kupa
kupa-6.png,kupa
kupa-7.png,kupa
kupa-8.png,kupa
kupa-9.png,kupa
kupa-10.png,kupa
kupa-11.png,kupa
kupa-12.png,kupa
kupa-13.png,kupa
maca-1.png,maça
maca-2.png,maça
maca-3.png,maça
maca-4.png,maça
maca-5.png,maça
maca-6.png,maça
maca-7.png,maça
maca-8.png,maça
maca-9.png,maça
maca-10.png,maça
maca-11.png,maça
maca-12.png,maça
maca-13.png,maça
sinek-1.png,sinek
sinek-2.png,sinek
sinek-3.png,sinek
sinek-4.png,sinek
sinek-5.png,sinek
sinek-6.png,sinek
sinek-7.png,sinek
sinek-8.png,sinek
sinek-9.png,sinek
sinek-10.png,sinek
sinek-11.png,sinek
sinek-12.png,sinek
sinek-13.png,sinek